{
  "auroc": 0.9035079223465363,
  "aupr": 0.9063233802927075,
  "n_samples": 17280
}